{
    "mean_loss": 0.6076790690422058,
    "mean_accuracy": 0.74395329441201,
    "mean_auprc": 0.540848789001786,
    "mean_auroc": 0.8602829747461402,
    "std_loss": 0.30106475949287415,
    "std_accuracy": 0.07306964274697747,
    "std_auprc": 0.0213058449398238,
    "std_auroc": 0.007692260490875771
}