{
    "mean_loss": 0.43709978461265564,
    "mean_accuracy": 0.7824854045037531,
    "mean_auprc": 0.5329142994057197,
    "mean_auroc": 0.8668548519092024,
    "std_loss": 0.02535257115960121,
    "std_accuracy": 0.015508442767865838,
    "std_auprc": 0.014996388620645201,
    "std_auroc": 0.0049249936843127826
}