{
    "mean_loss": 0.4259042739868164,
    "mean_accuracy": 0.7774812343619684,
    "mean_auprc": 0.5517458202783231,
    "mean_auroc": 0.8601007832514822,
    "std_loss": 0.051861315965652466,
    "std_accuracy": 0.03936543163866959,
    "std_auprc": 0.023002724059301382,
    "std_auroc": 0.011876633387166236
}