{"ts_means": [83.06637306193346, 118.79323158593232, 342.45501226278265, 462.80583150561216, 2.8917707234176544, 27.26030788620814, 2.870381031746016, 156.32649253731344, 1.4825914863137009, 59.25329983479389, 0.5449048764136879, 11.385571069571178, 140.7555901905277, 23.134742230076444, 30.67324576777861, 87.47522566853107, 4.127493419391428, 2.9749116722916256, 79.70552268216333, 1.0, 2.025436003175832, 58.16428894496789, 77.06212316205516, 119.13786497933248, 139.07763463182317, 40.45627548768921, 150.339935583407, 190.31603006261167, 19.623924888036797, 96.6812717710907, 118.82139234393706, 37.032540567544864, 8.170652223807638, 1.183812252308592, 119.50272286666923, 13.123474096079335, 7.389828594861119], "ts_stds": [24.818873620914236, 166.80955938448346, 1107.4691880752453, 1469.3490803875254, 0.6522324145967664, 22.681908576219886, 5.809207515380968, 45.59436652335675, 1.5715050603417209, 13.321742014437596, 0.19089859020129463, 4.010572099153054, 63.935141490569755, 4.71355482331886, 5.01816187333356, 18.520452731300093, 0.6697896178950891, 2.5635689767340937, 16.98913189375878, 1e-07, 0.4950695478801576, 15.626542109586461, 15.726533412768921, 23.505192970413255, 5.196773934201523, 9.200680223252688, 88.40373507341884, 106.73652520487947, 5.547177448455331, 3.641175902023942, 25.05682794145761, 1.3520344148934953, 10.893854638136634, 2.8299952818832477, 164.72092067825287, 36.92330924384452, 1.3013640329074663], "demo_means": [64.55469728601253, 0.0, 0.0, 87.77206698342505, 0.0, 0.0, 0.0, 0.0], "demo_stds": [17.178035641787023, 1.0, 1.0, 86.06864819238156, 1.0, 1.0, 1.0, 1.0], "class_balance": {"0": 0.8552192066805846, "1": 0.14478079331941546}}