{"ts_means": [83.06935838107971, 118.55723928004235, 359.41947450397066, 497.11607373034286, 2.890484817320927, 26.987513116474293, 2.857962681343379, 156.56234567901234, 1.460636362040256, 59.3294851482322, 0.5462750544263603, 11.40005788088652, 140.6134905000953, 23.135475570484733, 30.736287365627998, 87.52510395846046, 4.127708894357462, 2.9934549724216124, 79.84935487851016, 1.0, 2.023768033517845, 58.20025783174564, 77.0562172651754, 118.9712169126425, 139.13073611577565, 40.502982465501226, 150.2742127258087, 190.17769640283538, 19.578147052128386, 96.65961167049892, 119.01632632675485, 37.03081971275529, 8.107708802323078, 1.184246145491353, 118.96438594953376, 13.213969410447525, 7.4294201174355665], "ts_stds": [24.977877332915046, 183.22888533230952, 1146.551305445588, 1640.392386171039, 0.6522976886688349, 22.22758681896435, 5.816497764805069, 45.19314546983441, 1.519754476201103, 13.404218837616387, 0.1912550922966136, 3.9956069896058537, 64.7784399174684, 4.778102448989702, 5.013729427513682, 18.630088497171048, 0.6844613444144813, 2.5973448826791032, 17.105880797749325, 1e-07, 0.5419009464786437, 15.679797470280969, 15.73149391243545, 23.36926360152812, 5.24433007374001, 9.287846094479596, 88.4797815860024, 108.00476967377914, 5.4978152297523115, 3.726964662096937, 25.128578937204296, 1.375726912746128, 10.518790641247515, 2.7838504011854477, 158.7422013091876, 36.991530165918846, 5.423843650208911], "demo_means": [64.44722831193235, 0.0, 0.0, 88.19687876548035, 0.0, 0.0, 0.0, 0.0], "demo_stds": [17.1723422232014, 1.0, 1.0, 86.17357056465057, 1.0, 1.0, 1.0, 1.0], "class_balance": {"0": 0.8579183630859171, "1": 0.14208163691408288}}