{"ts_means": [83.11079574756315, 119.44102735156771, 359.6545383880742, 513.2573910788382, 2.894396249926148, 26.907499471258465, 2.9615369891010235, 155.18869123252858, 1.4470169897971878, 59.18876629379288, 0.5446359251359787, 11.40907345401629, 140.57076725933044, 23.19248519245046, 30.660917438192648, 87.3511177142566, 4.133221307814875, 2.9704477146880985, 79.64739973950887, 1.0, 2.0232554083413943, 58.15418348107259, 77.05391162262231, 119.12636295043808, 139.0940919037199, 40.512776496645884, 151.0605450633838, 189.2830646825924, 19.587915166680737, 96.67231566530401, 118.68573548113608, 37.0303872361364, 8.3742424535174, 1.199676319987001, 119.47469005489859, 13.122528947959724, 7.429112922255512], "ts_stds": [24.691634135733654, 180.21511807347827, 1105.194671814337, 1693.9348163047305, 0.6536472613330933, 22.176958067832047, 6.0949525144588605, 44.60519814400125, 1.4728287144279344, 13.293027772051833, 0.1911857288552493, 4.0065389481715155, 64.94041353444801, 4.705646014094675, 5.005609123222445, 18.479865989812332, 0.6776025203333819, 2.5467303980296663, 17.019847563433444, 1e-07, 0.4747653115685285, 15.620520542661506, 15.735489388443389, 23.58415784842767, 5.200149350797677, 9.198594209508846, 89.4308967578815, 107.15555246008269, 5.439229387936811, 3.6261926512628273, 25.013370109614737, 1.3711489754137087, 11.066330443647118, 2.8538232188571793, 164.65192215181534, 37.09145400302532, 5.392859845708426], "demo_means": [64.52494260070966, 0.0, 0.0, 88.67492190158285, 0.0, 0.0, 0.0, 0.0], "demo_stds": [17.100583896405414, 1.0, 1.0, 86.1149545275978, 1.0, 1.0, 1.0, 1.0], "class_balance": {"0": 0.859945731580046, "1": 0.14005426841995408}}