{"ts_means": [83.02032066906919, 121.57937442743096, 349.73865717813175, 494.39741795980666, 2.886329328850244, 27.389805110774347, 2.84029700728206, 155.87899262899262, 1.473741405336757, 59.29110995529256, 0.5453410248931462, 11.394316163410302, 140.5808199961742, 23.185077465822186, 30.68680027257314, 87.4715208244616, 4.126597203475535, 2.9693135754818214, 79.76097441030001, 1.0, 2.0208772673435345, 58.125184293921265, 76.98826600163227, 118.93520784528005, 139.17373400281673, 40.447258390322745, 149.86789694582114, 190.01956177473934, 19.66735917690212, 96.6486754646769, 118.91255199572669, 37.03275316001779, 8.150482365915439, 1.2025893077613845, 119.57483026065036, 13.219324916372685, 7.399886293250282], "ts_stds": [24.96571140939852, 180.84860685310264, 1103.536950804343, 1615.1082063420106, 0.6485954176346505, 22.947744064230157, 5.677123032878385, 44.6195111566647, 1.5510598057331622, 13.336641564362086, 0.190782960491677, 4.001863115687956, 64.4784255081635, 4.735806462481333, 5.01021430264233, 18.605698355804346, 0.6813719189786459, 2.5524985135373472, 17.069539969956043, 1e-07, 0.5042487246373333, 15.666988416497796, 15.76090412607997, 23.516449978951446, 5.189644359004905, 9.210937501502016, 88.62964901496038, 107.46520265891033, 5.512020229484599, 3.644173103905326, 25.12349628767209, 1.3406851442574932, 10.792466374264052, 2.8708508845034495, 166.26976363071913, 37.0385812346501, 3.2473582363637994], "demo_means": [64.55845511482255, 0.0, 0.0, 87.95150330865557, 0.0, 0.0, 0.0, 0.0], "demo_stds": [17.203267815877485, 1.0, 1.0, 86.11916316572253, 1.0, 1.0, 1.0, 1.0], "class_balance": {"0": 0.8580375782881002, "1": 0.1419624217118998}}