{"ts_means": [82.89410548727103, 118.57156060205968, 330.03077022615764, 465.0947976878613, 2.8938889833508514, 26.973230326985266, 2.838120144501494, 155.579950799508, 1.4587694196030554, 59.21112263054325, 0.5467682751393196, 11.424384477692593, 140.98158045428517, 23.18704174446339, 30.674056683876078, 87.48131469372416, 4.124549346732303, 2.9998878600273837, 79.73003229030078, 1.0, 2.0235467109502, 58.20948534610125, 77.10866018594301, 119.2144625035094, 139.08511972110944, 40.48843521380084, 150.21576529963872, 190.1622038227781, 19.64303130790988, 96.6646683524898, 118.9486602235578, 37.03005351436071, 8.092819482158896, 1.1688138477564458, 118.96576506446559, 13.224849537707705, 7.402502848299035], "ts_stds": [24.8358814568141, 164.02163662663173, 994.5732768799783, 1501.6986959694254, 0.6489335954238279, 22.47226273079154, 5.569145357744157, 44.62274546467819, 1.534929571159713, 13.329794167692835, 0.1921083319587468, 3.9850413098073614, 65.30790200210352, 4.707766960297855, 4.98608660096408, 18.510740440326447, 0.6785815746298203, 2.5916437181065284, 17.069090403470607, 1e-07, 0.5247759243970032, 15.65994178877133, 15.806372712489528, 23.641194505200687, 5.210685971664021, 9.206400325293336, 88.85579182909031, 107.63316138408004, 5.516035785189763, 3.546542771393284, 25.14424672603005, 1.3755697350990421, 10.841715847105283, 2.8350896434882165, 161.7677927159043, 37.14982986623758, 3.2426003485943498], "demo_means": [64.6731030163866, 0.0, 0.0, 87.27504457000053, 0.0, 0.0, 0.0, 0.0], "demo_stds": [17.118060389777572, 1.0, 1.0, 86.10811884736853, 1.0, 1.0, 1.0, 1.0], "class_balance": {"1": 0.14111261872455902, "0": 0.858887381275441}}