{
    "mean_loss": 0.44725528359413147,
    "mean_accuracy": 0.7889908256880733,
    "mean_auprc": 0.5315982856465505,
    "mean_auroc": 0.861745053325943,
    "std_loss": 0.04171551391482353,
    "std_accuracy": 0.023589884276448637,
    "std_auprc": 0.01045104962723314,
    "std_auroc": 0.009354787818607907
}