{
    "mean_loss": 0.44708532094955444,
    "mean_accuracy": 0.7793160967472895,
    "mean_auprc": 0.5168690639549214,
    "mean_auroc": 0.8538469829133787,
    "std_loss": 0.06230399012565613,
    "std_accuracy": 0.03864207381061347,
    "std_auprc": 0.03346337902457237,
    "std_auroc": 0.007768274911553503
}