{
    "mean_loss": 0.7130364179611206,
    "mean_accuracy": 0.4822635135135135,
    "mean_auprc": 0.15807149755847288,
    "mean_auroc": 0.5238000555441078,
    "std_loss": 0.07233601063489914,
    "std_accuracy": 0.22277389249364787,
    "std_auprc": 0.018766191083633428,
    "std_auroc": 0.012395041019179454
}